{
  "name": "setA",
  "description": "Sample waypoint set A for UR5e robot with joint control, pose reference, and timing",
  "waypoints": [
    {
      "name": "home_position",
      "joints": [-0.7282, -2.3175, -0.8321, -1.2638, 1.5346, 4.8091],
      "pose": [0.5429, -0.6751, 0.2478, 3.1383, -0.3013, -0.8303],
      "gripper": 10,
      "wait_time": 0.5
    },
    {
      "name": "approach_position", 
      "joints": [-0.6826, -2.6768, -0.8317, -0.4973, 1.5346, 4.8089],
      "pose": [0.6807, -0.7382, 0.0758, -3.0917, -0.7062, -0.8133],
      "gripper": 30,
      "wait_time": 0.5
    },
    {
      "name": "pick_position",
      "joints": [-0.6826, -2.6768, -0.8317, -0.4973, 1.5346, 4.8089],
      "pose": [0.6807, -0.7382, 0.0758, -3.0917, -0.7062, -0.8133],
      "gripper": 0,
      "wait_time":0.5
    },
    {
      "name": "movement_A",
      "joints": [-0.725, -2.5674, -0.6823, -1.1878, 1.5659, 4.8918],
      "pose": [0.5956, -0.7075, 0.1232, -3.0933, -0.2712, -0.9127],
      "gripper": 0,
      "wait_time": 0.5
    },
    {
      "name": "movement_B",
      "joints": [-0.7886, -2.4384, -0.8205, -1.3094, 1.7243, 4.7922],
      "pose": [0.5014, -0.6067, 0.09, -2.9879, 0.0128, -0.725],
      "gripper": 0,
      "wait_time": 0.5
    },
    {
      "name": "movement_D",
      "joints": [-0.6931, -2.2408, -1.2206, -1.2463, 1.6217, 4.8172],
      "pose": [0.4912, -0.563, 0.1084, -3.0874, 0.0004, -0.7983],
      "gripper": 0,
      "wait_time": 0.5
    },
    {
      "name": "movement_C",
      "joints": [-0.7165, -2.3203, -1.198, -1.1906, 1.6218, 4.7935],
      "pose": [0.4913, -0.586, 0.0653, -3.0875, 0.0003, -0.7982],
      "gripper": 0,
      "wait_time": 0.5
    },

    
    {
      "name": "drop_position",
      "joints": [-0.7165, -2.3203, -1.198, -1.1906, 1.6218, 4.7935],
      "pose": [0.4913, -0.586, 0.0653, -3.0875, 0.0003, -0.7982],
      "gripper": 15,
      "wait_time":0.5
    },
    
    {
      "name": "home",
      "joints": [-0.7886, -2.4384, -0.8205, -1.3094, 1.7243, 4.7922],
      "pose": [0.5336, -0.6685, 0.147, -2.9743, -0.1319, -0.8692],
      "gripper": 10,
      "wait_time": 0.5
    }
  ]
}
