{
  "name": "setb",
  "description": "Sample waypoint set A for UR5e robot with joint control, pose reference, and timing",
  "waypoints": [
    {
      "name": "home_position",
      "joints": [-0.7282, -2.3175, -0.8321, -1.2638, 1.5346, 4.8091],
      "pose": [0.5429, -0.6751, 0.2478, 3.1383, -0.3013, -0.8303],
      "gripper": 50,
      "wait_time": 0.1
    },
    {
      "name": "approach_position", 
      "joints": [-0.7568, -2.5606, -0.6597, -1.5298, 1.6382, 4.8752],
      "pose":  [0.5288, -0.6582, 0.0972, -3.0787, 0.0478, -0.92],
      "gripper": 30,
      "wait_time": 0.1
    },
    {
      "name": "find_wire", 
      "joints": [-0.7568, -2.5795, -0.7305, -1.3971, 1.6266, 4.8751],
      "pose": [0.535, -0.6683, 0.0594, -3.0831, 0.0037, -0.9151],
      "gripper": 15,
      "wait_time": 0.1
    },
    {
      "name": "find_wire", 
      "joints": [-0.7568, -2.5795, -0.7305, -1.3971, 1.6266, 4.8751],
      "pose": [0.535, -0.6683, 0.0594, -3.0831, 0.0037, -0.9151],
      "gripper": 0,
      "wait_time": 0.1
    },
    {
      "name": "movement_B",
      "joints": [-0.7098, -2.2927, -1.1684, -1.2297, 1.6246, 4.9347],
      "pose": [0.4985, -0.5845, 0.0962, -3.0813, -0.0091, -0.9325],
      "gripper": 0,
      "wait_time": 0.1
    },
    
    {
      "name": "start_sliding",
      "joints": [-0.4928, -2.3105, -1.2663, -1.24, 1.0634, 5.08],
      "pose": [0.5109, -0.5617, 0.0767, 2.633, -0.0763, -0.8144],
      "gripper": 0,
      "wait_time": 0.1
    },
    {
      "name": "start_sliding_tilted",
      "joints": [-0.5092, -2.306, -1.2888, -1.213, 1.0617, 5.0612],
      "pose": [0.4989, -0.5805, 0.0698, 2.6419, -0.0847, -0.8232],
      "gripper": 0,
      "wait_time": 0.1
    },
    {
      "name": "end_sliding",
      "joints": [-0.7312, -2.2771, -1.2786, -1.1048, 1.549, 4.9152],
      "pose": [0.4647, -0.6029, 0.0688, 3.134, -0.0551, -0.9402],
      "gripper": 0,
      "wait_time": 0.1
    },
    {
      "name": "prepare_for_new_sliding",
      "joints": [-0.7237, -2.23, -1.3122, -1.0608, 1.5556, 4.9096],
      "pose": [0.4714, -0.5989, 0.0933, -3.1319, -0.1102, -0.9231],
      "gripper": 0,
      "wait_time": 0.1
    },
    {
      "name": "prepare_for_new_sliding",
      "joints": [-0.7314, -2.1621, -2.0371, 0.6256, 1.4689, 4.654],
      "pose": [0.3717, -0.643, 0.0627, 1.5984, -1.5249, 0.7474],
      "gripper": 0,
      "wait_time": 0.1
    },
    {
      "name": "prepare_for_new_sliding_1",
      "joints": [-0.5692, -2.5364, -2.0014, 1.1758, 1.2192, 4.6096],
      "pose": [0.3717, -0.643, 0.0627, 1.5984, -1.5249, 0.7474],
      "gripper": 15,
      "wait_time": 0.1
    },
    {
      "name": "prepare_for_new_sliding_2",
      "joints": [-0.5782, -2.5534, -1.9114, 1.1036, 1.2279, 4.6075],
      "pose": [0.3717, -0.643, 0.0627, 1.5984, -1.5249, 0.7474],
      "gripper": 15,
      "wait_time": 0.1
    },
    {
      "name": "prepare_for_new_sliding_3",
      "joints": [-0.5782, -2.5534, -1.9114, 1.1036, 1.2279, 4.6075],
      "pose": [0.3717, -0.643, 0.0627, 1.5984, -1.5249, 0.7474],
      "gripper": 0,
      "wait_time": 0.1
    },
    {
      "name": "new_sliding",
      "joints": [-0.9051, -2.6966, -1.7887, 1.3417, 1.6831, 4.6639],
      "pose": [0.3717, -0.643, 0.0627, 1.5984, -1.5249, 0.7474],
      "gripper": 3,
      "wait_time": 0.1
    },
    {
      "name": "new_sliding_end",
      "joints": [-0.7356, -2.1778, -1.8457, -0.0611, 1.22, 4.7474],
      "pose": [0.3825, -0.6481, 0.066, 2.8191, -0.6398, -0.7803],
      "gripper": 0,
      "wait_time": 0.1
    },
    {
      "name": "new_sliding_end_open",
      "joints": [-0.7356, -2.1778, -1.8457, -0.0611, 1.22, 4.7474],
      "pose": [0.3825, -0.6481, 0.066, 2.8191, -0.6398, -0.7803],
      "gripper": 50,
      "wait_time": 0.1
    },
    {
      "name": "home_position",
      "joints": [-0.7282, -2.3175, -0.8321, -1.2638, 1.5346, 4.8091],
      "pose": [0.5429, -0.6751, 0.2478, 3.1383, -0.3013, -0.8303],
      "gripper": 50,
      "wait_time": 0.1
    }
]}