{
  "name": "setc",
  "description": "Sample waypoint set A for UR5e robot with joint control, pose reference, and timing",
  "waypoints": [
    {
      "name": "home_position",
      "joints": [-0.7282, -2.3175, -0.8321, -1.2638, 1.5346, 4.8091],
      "pose": [0.5429, -0.6751, 0.2478, 3.1383, -0.3013, -0.8303],
      "gripper": 50,
      "wait_time": 0.1
    },
    {
      "name": "approach_position", 
      "joints": [-0.7568, -2.5606, -0.6597, -1.5298, 1.6382, 4.8752],
      "pose":  [0.5288, -0.6582, 0.0972, -3.0787, 0.0478, -0.92],
      "gripper": 30,
      "wait_time": 0.1
    },
    {
      "name": "find_wire", 
      "joints": [-0.7568, -2.5795, -0.7305, -1.3971, 1.6266, 4.8751],
      "pose": [0.535, -0.6683, 0.0594, -3.0831, 0.0037, -0.9151],
      "gripper": 15,
      "wait_time": 0.1
    },
    {
      "name": "find_wire", 
      "joints": [-0.7568, -2.5795, -0.7305, -1.3971, 1.6266, 4.8751],
      "pose": [0.535, -0.6683, 0.0594, -3.0831, 0.0037, -0.9151],
      "gripper": 0,
      "wait_time": 0.1
    },
    {
      "name": "movement_B",
      "joints": [-0.7098, -2.2927, -1.1684, -1.2297, 1.6246, 4.9347],
      "pose": [0.4985, -0.5845, 0.0962, -3.0813, -0.0091, -0.9325],
      "gripper": 0,
      "wait_time": 0.1
    },
    
    {
      "name": "start_sliding",
      "joints": [-0.6324, -2.3236, -1.1225, -1.302, 1.503, 4.9268],
      "pose": [0.5109, -0.5617, 0.0767, 2.633, -0.0763, -0.8144],
      "gripper": 0,
      "wait_time": 0.1
    },
    {
      "name": "start_sliding_tilted",
      "joints": [-0.6324, -2.3369, -1.1422, -1.2689, 1.503, 4.9267],
      "pose": [0.4989, -0.5805, 0.0698, 2.6419, -0.0847, -0.8232],
      "gripper":30,
      "wait_time": 0.1
    },
    {
      "name": "end_sliding",
      "joints": [-0.6324, -2.3575, -1.1668, -1.2238, 1.503, 4.9266],
      "pose": [0.4647, -0.6029, 0.0688, 3.134, -0.0551, -0.9402],
      "gripper": 100,
      "wait_time": 0.1
    },
    {
      "name": "home_position",
      "joints": [-0.7282, -2.3175, -0.8321, -1.2638, 1.5346, 4.8091],
      "pose": [0.5429, -0.6751, 0.2478, 3.1383, -0.3013, -0.8303],
      "gripper": 70,
      "wait_time": 0.1
    }
]}