{
  "name": "sete_cartesian_lowmed",
  "description": "Cartesian-only",
  "meta": {
    "notes": " arrays.",
    "recommended_eef_step": 0.008,
    "recommended_speed_scale": 0.05,
    "recommended_blend_radius": 0.05
  },
  "waypoints": [
    {
      "name": "home",
      "pose": [-0.7207, -0.0408, 0.4175, 3.1341, 0.3519, -0.0717],
      "gripper": 30,
      "wait_time": 0.1
    },
    {
      "name": "get_x_y",
      "pose": [
        -0.6,
        0.6,
        0.2497,
        2.9368,
        -1.1303,
        0.0237
      ],
      "gripper": 20,
      "wait_time": 0.1
    },
    {
      "name": "x_y_down",
      "pose": [
        -0.6,
        0.6,
        0.2231,
        2.9369,
        -1.13,
        0.0238
      ],
      "gripper": 20,
      "wait_time": 0.1
    },
    {
      "name": "x_y_close_half",
      "pose": [
        -0.6,
        0.6,
        0.2235,
        2.9369,
        -1.1299,
        0.0236
      ],
      "gripper": 10,
      "wait_time": 0.1
    },
    {
      "name": "x_y_closed",
      "pose": [
        -0.6,
        0.6,
        0.2254,
        2.937,
        -1.1301,
        0.0236
      ],
      "gripper": 0,
      "wait_time": 0.1
    },
    {
      "name": "x_y_up",
      "pose": [
        -0.6,
        0.6,
        0.3,
        2.937,
        -1.1301,
        0.0236
      ],
      "gripper": 0,
      "wait_time": 0.1
    },
    {
      "name": "home",
      "pose": [
        -0.4557,
        0.5739,
        0.3897,
        2.9473,
        -1.1349,
        0.0151
      ],
      "gripper": 0,
      "wait_time": 0.1
    },
    {
      "name": "clip_hover",
      "pose": [
        -0.3186,
        0.321,
        0.2044,
        2.9192,
        -0.982,
        -1.6737
      ],
      "gripper": 0,
      "wait_time": 0.1
    },
    {
      "name": "angle_wire",
      "pose": [
        -0.3076,
        0.3088,
        0.1424,
        -1.7846,
        -0.8142,
        0.7074
      ],
      "gripper": 0,
      "wait_time": 0.1
    },
    {
      "name": "angle_wire_down",
      "pose": [
        -0.3057,
        0.3186,
        0.1329,
        3.6872,
        1.5829,
        -1.1662
      ],
      "gripper": 0,
      "wait_time": 0.1
    },
    {
      "name": "angle_wire_slide",
      "pose": [
        -0.2971,
        0.3285,
        0.1289,
        3.4574,
        -0.147,
        -1.6928
      ],
      "gripper": 50,
      "wait_time": 0.1
    },
    {
      "name": "wire_release",
      "pose": [
        -0.365,
        0.4212,
        0.2851,
        3.1265,
        -0.9874,
        -0.5644
      ],
      "gripper": 80,
      "wait_time": 0.1
    },
    {
      "name": "home",
      "pose": [-0.7207, -0.0408, 0.4175, 3.1341, 0.3519, -0.0717],
      "gripper": 30,
      "wait_time": 0.1
    }
  ]
}