{
  "name": "setf_cartesian_lowmed",
  "description": "Cartesian-only",
  "meta": {
    "notes": " arrays.",
    "recommended_eef_step": 0.008,
    "recommended_speed_scale": 0.05,
    "recommended_blend_radius": 0.05
  },
  "waypoints": [
    {
      "name": "home",
      "pose": [-0.7207, -0.0408, 0.4175, 3.1341, 0.3519, -0.0717],
      "gripper": 30,
      "wait_time": 0.1
    },
    {
      "name": "get_x_y",
      "pose": [
        -0.6,
        0.6,
        0.2497,
        2.9368,
        -1.1303,
        0.0237
      ],
      "gripper": 20,
      "wait_time": 0.1
    },
    {
      "name": "x_y_down",
      "pose": [
        -0.6,
        0.6,
        0.2231,
        2.9369,
        -1.13,
        0.0238
      ],
      "gripper": 20,
      "wait_time": 0.1
    },
    {
      "name": "x_y_close_half",
      "pose": [
        -0.6,
        0.6,
        0.2235,
        2.9369,
        -1.1299,
        0.0236
      ],
      "gripper": 10,
      "wait_time": 0.1
    },
    {
      "name": "x_y_closed",
      "pose": [
        -0.6,
        0.6,
        0.2254,
        2.937,
        -1.1301,
        0.0236
      ],
      "gripper": 0,
      "wait_time": 0.1
    },
    {
      "name": "x_y_up",
      "pose": [
        -0.6,
        0.6,
        0.3,
        2.937,
        -1.1301,
        0.0236
      ],
      "gripper": 0,
      "wait_time": 0.1
    },
    {
      "name": "home",
      "pose": [
        -0.4557,
        0.5739,
        0.31,
        2.9473,
        -1.1349,
        0.0151
      ],
      "gripper": 0,
      "wait_time": 0.1
    },
    {
      "name": "hover_point",
      "pose": [-0.4539, 0.4059, 0.2934, 2.9232, -1.0841, 0.0065],
      "gripper": 0,
      "wait_time": 0.1
    },
    {
      "name": "insertion_point",
      "pose": [-0.4492, 0.4311, 0.2424, 2.9233, -1.0835, 0.0065],
      "gripper": 0,
      "wait_time": 0.1
    },
    
    {
      "name": "insertion_push",
      "pose": [-0.4493, 0.4311, 0.2314, 2.9234, -1.0833, 0.0065],
      "gripper": 0,
      "wait_time": 0.1
    },
    {
      "name": "wire_release",
      "pose": [-0.4493, 0.4311, 0.2314, 2.9234, -1.0833, 0.0065],
      "gripper": 80,
      "wait_time": 0.1
    },
    {
      "name": "home",
      "pose": [-0.7207, -0.0408, 0.4175, 3.1341, 0.3519, -0.0717],
      "gripper": 30,
      "wait_time": 0.1
    }
  ]
}